"","year","inspections","investigations","ole_compliance_score"
"1",2015,265,428,0.513708513708514
"2",2016,119,1325,0.766620498614959
"3",2017,0,1682,0.503567181926278
"4",2018,0,1171,0.539709649871904
