"","year","inspections","investigations","staffing","patrol_hours","num_patrols","out_reach_num","comp_assis","fix_it_tick","written_warnings","summary_settlements","cases_to_GCES","enforcement_action","report","compliance_score","staff_score","num_patrols_score","out_reach_num_score","enforcement_score_OLE"
"1",2015,265,428,31,3153,509,339,NA,NA,NA,60,NA,337,2015,0.513708513708514,0.939393939393939,0.947858472998138,0.748344370860927,0.878532261084335
"2",2016,119,1325,29,NA,537,408,66,1,90,142,38,337,2016,0.766620498614959,0.878787878787879,1,0.900662251655629,0.926483376814503
"3",2017,0,1682,26,NA,511,432,567,0,68,162,38,835,2017,0.503567181926278,0.787878787878788,0.951582867783985,0.95364238410596,0.897701346589578
"4",2018,0,1171,26,NA,356,453,312,0,53,139,35,539,2018,0.539709649871904,0.787878787878788,0.662942271880819,1,0.816940353253202
