"","rgn_name","year","wqi_score"
"1","Connecticut",2006,56.1427667425784
"2","Connecticut",2010,61.8721693999212
"3","Maine",2006,98.9160748797048
"4","Maine",2010,92.4704885739959
"5","New Hampshire",2006,71.2962962962963
"6","New Hampshire",2010,66.4232020265157
"7","New York",2006,68.6947771205414
"8","New York",2010,69.6538866964029
"9","Rhode Island",2006,76.3099068314533
"10","Rhode Island",2010,91.4192264057438
